Workbook

Sheet Data
A1: Page # | B1: Year | C1: Date | D1: Team | E1: Site | F1: Block # | G1: Treatment | H1: Point | I1: Transect | J1: Distance | K1: Code | L1: Species | N1: Notes
A2: (#) | B2: 2023 | C2: mm/dd/yy | D2: initials | E2: CU/VB/GB | F2: 43469 | G2: LS/LU/SS/SU | H2: 1-30 | I2: 1 or 2 | J2: 0-12m | K2: six-letter code | L2: full name | N2: enter as written
A3: 1 | B3: 2023 | C3: 45197 | D3: MG, TL | E3: GB | F3: 1 | G3: SS | H3: 1 | I3: 1 | J3: 0 | K3: L | L3: =VLOOKUP(K3, 'Alphabetical by species code'!A:B, 2, FALSE) -> Litter | M3: =VLOOKUP(L3, 'Alphabetical by species code'!B:C, 2, FALSE) -> Ground Cover
A4: 1 | B4: 2023 | C4: 45197 | D4: MG, TL | E4: GB | F4: 1 | G4: SS | H4: 1 | I4: 1 | J4: 0 | K4: STEDIE | L4: =VLOOKUP(K4, 'Alphabetical by species code'!A:B, 2, FALSE) -> Stephanomeria diegensis | M4: =VLOOKUP(L4, 'Alphabetical by species code'!B:C, 2, FALSE) -> Native
A5: 1 | B5: 2023 | C5: 45197 | D5: MG, TL | E5: GB | F5: 1 | G5: SS | H5: 2 | I5: 1 | J5: 1 | K5: L | L5: =VLOOKUP(K5, 'Alphabetical by species code'!A:B, 2, FALSE) -> Litter | M5: =VLOOKUP(L5, 'Alphabetical by species code'!B:C, 2, FALSE) -> Ground Cover
A6: 1 | B6: 2023 | C6: 45197 | D6: MG, TL | E6: GB | F6: 1 | G6: SS | H6: 2 | I6: 1 | J6: 1 | K6: OPULIT | L6: =VLOOKUP(K6, 'Alphabetical by species code'!A:B, 2, FALSE) -> Opuntia littoralis | M6: =VLOOKUP(L6, 'Alphabetical by species code'!B:C, 2, FALSE) -> Native
A7: 1 | B7: 2023 | C7: 45197 | D7: MG, TL | E7: GB | F7: 1 | G7: SS | H7: 2 | I7: 1 | J7: 1 | K7: NNG | L7: =VLOOKUP(K7, 'Alphabetical by species code'!A:B, 2, FALSE) -> Non Native Grass | M7: =VLOOKUP(L7, 'Alphabetical by species code'!B:C, 2, FALSE) -> Non-Native | N7: NNG - non-native grass
A8: 1 | B8: 2023 | C8: 45197 | D8: MG, TL | E8: GB | F8: 1 | G8: SS | H8: 3 | I8: 1 | J8: 1.5 | K8: R | L8: =VLOOKUP(K8, 'Alphabetical by species code'!A:B, 2, FALSE) -> Rock | M8: =VLOOKUP(L8, 'Alphabetical by species code'!B:C, 2, FALSE) -> Ground Cover
A9: 1 | B9: 2023 | C9: 45197 | D9: MG, TL | E9: GB | F9: 1 | G9: SS | H9: 3 | I9: 1 | J9: 1.5 | K9: STEDIE | L9: =VLOOKUP(K9, 'Alphabetical by species code'!A:B, 2, FALSE) -> Stephanomeria diegensis | M9: =VLOOKUP(L9, 'Alphabetical by species code'!B:C, 2, FALSE) -> Native
A10: 1 | B10: 2023 | C10: 45197 | D10: MG, TL | E10: GB | F10: 1 | G10: SS | H10: 4 | I10: 1 | J10: 2 | K10: L | L10: =VLOOKUP(K10, 'Alphabetical by species code'!A:B, 2, FALSE) -> Litter | M10: =VLOOKUP(L10, 'Alphabetical by species code'!B:C, 2, FALSE) -> Ground Cover
A11: 1 | B11: 2023 | C11: 45197 | D11: MG, TL | E11: GB | F11: 1 | G11: SS | H11: 4 | I11: 1 | J11: 2 | K11: STEDIE | L11: =VLOOKUP(K11, 'Alphabetical by species code'!A:B, 2, FALSE) -> Stephanomeria diegensis | M11: =VLOOKUP(L11, 'Alphabetical by species code'!B:C, 2, FALSE) -> Native
A12: 1 | B12: 2023 | C12: 45197 | D12: MG, TL | E12: GB | F12: 1 | G12: SS | H12: 5 | I12: 1 | J12: 3 | K12: R | L12: =VLOOKUP(K12, 'Alphabetical by species code'!A:B, 2, FALSE) -> Rock | M12: =VLOOKUP(L12, 'Alphabetical by species code'!B:C, 2, FALSE) -> Ground Cover
A13: 1 | B13: 2023 | C13: 45197 | D13: MG, TL | E13: GB | F13: 1 | G13: SS | H13: 6 | I13: 1 | J13: 3.5 | K13: R | L13: =VLOOKUP(K13, 'Alphabetical by species code'!A:B, 2, FALSE) -> Rock | M13: =VLOOKUP(L13, 'Alphabetical by species code'!B:C, 2, FALSE) -> Ground Cover
A14: 1 | B14: 2023 | C14: 45197 | D14: MG, TL | E14: GB | F14: 1 | G14: SS | H14: 6 | I14: 1 | J14: 3.5 | K14: NNG | L14: =VLOOKUP(K14, 'Alphabetical by species code'!A:B, 2, FALSE) -> Non Native Grass | M14: =VLOOKUP(L14, 'Alphabetical by species code'!B:C, 2, FALSE) -> Non-Native
A15: 1 | B15: 2023 | C15: 45197 | D15: MG, TL | E15: GB | F15: 1 | G15: SS | H15: 6 | I15: 1 | J15: 3.5 | K15: STEDIE | L15: =VLOOKUP(K15, 'Alphabetical by species code'!A:B, 2, FALSE) -> Stephanomeria diegensis | M15: =VLOOKUP(L15, 'Alphabetical by species code'!B:C, 2, FALSE) -> Native
A16: 1 | B16: 2023 | C16: 45197 | D16: MG, TL | E16: GB | F16: 1 | G16: SS | H16: 7 | I16: 1 | J16: 4 | K16: L | L16: =VLOOKUP(K16, 'Alphabetical by species code'!A:B, 2, FALSE) -> Litter | M16: =VLOOKUP(L16, 'Alphabetical by species code'!B:C, 2, FALSE) -> Ground Cover
A17: 1 | B17: 2023 | C17: 45197 | D17: MG, TL | E17: GB | F17: 1 | G17: SS | H17: 8 | I17: 1 | J17: 5 | K17: L | L17: =VLOOKUP(K17, 'Alphabetical by species code'!A:B, 2, FALSE) -> Litter | M17: =VLOOKUP(L17, 'Alphabetical by species code'!B:C, 2, FALSE) -> Ground Cover
A18: 1 | B18: 2023 | C18: 45197 | D18: MG, TL | E18: GB | F18: 1 | G18: SS | H18: 9 | I18: 1 | J18: 7 | K18: L | L18: =VLOOKUP(K18, 'Alphabetical by species code'!A:B, 2, FALSE) -> Litter | M18: =VLOOKUP(L18, 'Alphabetical by species code'!B:C, 2, FALSE) -> Ground Cover
A19: 1 | B19: 2023 | C19: 45197 | D19: MG, TL | E19: GB | F19: 1 | G19: SS | H19: 9 | I19: 1 | J19: 7 | K19: STEDIE | L19: =VLOOKUP(K19, 'Alphabetical by species code'!A:B, 2, FALSE) -> Stephanomeria diegensis | M19: =VLOOKUP(L19, 'Alphabetical by species code'!B:C, 2, FALSE) -> Native
... A61: 2 | B61: 2023 | C61: 45197 | D61: MG, TL | E61: GB | F61: 1 | G61: SU | H61: 4 | I61: 1 | J61: 2 | K61: STEDIE | L61: =VLOOKUP(K61, 'Alphabetical by species code'!A:B, 2, FALSE) -> Stephanomeria diegensis | M61: =VLOOKUP(L61, 'Alphabetical by species code'!B:C, 2, FALSE) -> Native
A62: 2 | B62: 2023 | C62: 45197 | D62: MG, TL | E62: GB | F62: 1 | G62: SU | H62: 4 | I62: 1 | J62: 2 | K62: EUPFEN | L62: =VLOOKUP(K62, 'Alphabetical by species code'!A:B, 2, FALSE) -> #N/A | M62: =VLOOKUP(L62, 'Alphabetical by species code'!B:C, 2, FALSE) -> #N/A | N62: * TL took photo
A63: 2 | B63: 2023 | C63: 45197 | D63: MG, TL | E63: GB | F63: 1 | G63: SU | H63: 5 | I63: 1 | J63: 3 | K63: L | L63: =VLOOKUP(K63, 'Alphabetical by species code'!A:B, 2, FALSE) -> Litter | M63: =VLOOKUP(L63, 'Alphabetical by species code'!B:C, 2, FALSE) -> Ground Cover
A64: 2 | B64: 2023 | C64: 45197 | D64: MG, TL | E64: GB | F64: 1 | G64: SU | H64: 5 | I64: 1 | J64: 3 | K64: STEDIE | L64: =VLOOKUP(K64, 'Alphabetical by species code'!A:B, 2, FALSE) -> Stephanomeria diegensis | M64: =VLOOKUP(L64, 'Alphabetical by species code'!B:C, 2, FALSE) -> Native
A65: 2 | B65: 2023 | C65: 45197 | D65: MG, TL | E65: GB | F65: 1 | G65: SU | H65: 6 | I65: 1 | J65: 3.5 | K65: L | L65: =VLOOKUP(K65, 'Alphabetical by species code'!A:B, 2, FALSE) -> Litter | M65: =VLOOKUP(L65, 'Alphabetical by species code'!B:C, 2, FALSE) -> Ground Cover
A66: 2 | B66: 2023 | C66: 45197 | D66: MG, TL | E66: GB | F66: 1 | G66: SU | H66: 6 | I66: 1 | J66: 3.5 | K66: EUPFEN | L66: =VLOOKUP(K66, 'Alphabetical by species code'!A:B, 2, FALSE) -> #N/A | M66: =VLOOKUP(L66, 'Alphabetical by species code'!B:C, 2, FALSE) -> #N/A
A67: 2 | B67: 2023 | C67: 45197 | D67: MG, TL | E67: GB | F67: 1 | G67: SU | H67: 7 | I67: 1 | J67: 4 | K67: B | L67: =VLOOKUP(K67, 'Alphabetical by species code'!A:B, 2, FALSE) -> Bareground | M67: =VLOOKUP(L67, 'Alphabetical by species code'!B:C, 2, FALSE) -> Ground Cover
A68: 2 | B68: 2023 | C68: 45197 | D68: MG, TL | E68: GB | F68: 1 | G68: SU | H68: 8 | I68: 1 | J68: 5 | K68: L | L68: =VLOOKUP(K68, 'Alphabetical by species code'!A:B, 2, FALSE) -> Litter | M68: =VLOOKUP(L68, 'Alphabetical by species code'!B:C, 2, FALSE) -> Ground Cover
A69: 2 | B69: 2023 | C69: 45197 | D69: MG, TL | E69: GB | F69: 1 | G69: SU | H69: 8 | I69: 1 | J69: 5 | K69: NNG | L69: =VLOOKUP(K69, 'Alphabetical by species code'!A:B, 2, FALSE) -> Non Native Grass | M69: =VLOOKUP(L69, 'Alphabetical by species code'!B:C, 2, FALSE) -> Non-Native | N69: NNG = non-native grass
A70: 2 | B70: 2023 | C70: 45197 | D70: MG, TL | E70: GB | F70: 1 | G70: SU | H70: 9 | I70: 1 | J70: 7 | K70: L | L70: =VLOOKUP(K70, 'Alphabetical by species code'!A:B, 2, FALSE) -> Litter | M70: =VLOOKUP(L70, 'Alphabetical by species code'!B:C, 2, FALSE) -> Ground Cover
A71: 2 | B71: 2023 | C71: 45197 | D71: MG, TL | E71: GB | F71: 1 | G71: SU | H71: 9 | I71: 1 | J71: 7 | K71: STEDIE | L71: =VLOOKUP(K71, 'Alphabetical by species code'!A:B, 2, FALSE) -> Stephanomeria diegensis | M71: =VLOOKUP(L71, 'Alphabetical by species code'!B:C, 2, FALSE) -> Native
A72: 2 | B72: 2023 | C72: 45197 | D72: MG, TL | E72: GB | F72: 1 | G72: SU | H72: 10 | I72: 1 | J72: 8 | K72: L | L72: =VLOOKUP(K72, 'Alphabetical by species code'!A:B, 2, FALSE) -> Litter | M72: =VLOOKUP(L72, 'Alphabetical by species code'!B:C, 2, FALSE) -> Ground Cover
A73: 2 | B73: 2023 | C73: 45197 | D73: MG, TL | E73: GB | F73: 1 | G73: SU | H73: 11 | I73: 1 | J73: 8.5 | K73: L | L73: =VLOOKUP(K73, 'Alphabetical by species code'!A:B, 2, FALSE) -> Litter | M73: =VLOOKUP(L73, 'Alphabetical by species code'!B:C, 2, FALSE) -> Ground Cover
A74: 2 | B74: 2023 | C74: 45197 | D74: MG, TL | E74: GB | F74: 1 | G74: SU | H74: 11 | I74: 1 | J74: 8.5 | K74: STEDIE | L74: =VLOOKUP(K74, 'Alphabetical by species code'!A:B, 2, FALSE) -> Stephanomeria diegensis | M74: =VLOOKUP(L74, 'Alphabetical by species code'!B:C, 2, FALSE) -> Native
A75: 2 | B75: 2023 | C75: 45197 | D75: MG, TL | E75: GB | F75: 1 | G75: SU | H75: 12 | I75: 1 | J75: 9 | K75: L | L75: =VLOOKUP(K75, 'Alphabetical by species code'!A:B, 2, FALSE) -> Litter | M75: =VLOOKUP(L75, 'Alphabetical by species code'!B:C, 2, FALSE) -> Ground Cover
A76: 2 | B76: 2023 | C76: 45197 | D76: MG, TL | E76: GB | F76: 1 | G76: SU | H76: 12 | I76: 1 | J76: 9 | K76: EUPMAC | L76: =VLOOKUP(K76, 'Alphabetical by species code'!A:B, 2, FALSE) -> #N/A | M76: =VLOOKUP(L76, 'Alphabetical by species code'!B:C, 2, FALSE) -> #N/A | N76: * Euphorbia maculata
A77: 2 | B77: 2023 | C77: 45197 | D77: MG, TL | E77: GB | F77: 1 | G77: SU | H77: 13 | I77: 1 | J77: 10 | K77: B | L77: =VLOOKUP(K77, 'Alphabetical by species code'!A:B, 2, FALSE) -> Bareground | M77: =VLOOKUP(L77, 'Alphabetical by species code'!B:C, 2, FALSE) -> Ground Cover
A78: 2 | B78: 2023 | C78: 45197 | D78: MG, TL | E78: GB | F78: 1 | G78: SU | H78: 13 | I78: 1 | J78: 10 | K78: MALLAU | L78: =VLOOKUP(K78, 'Alphabetical by species code'!A:B, 2, FALSE) -> Malosma laurina | M78: =VLOOKUP(L78, 'Alphabetical by species code'!B:C, 2, FALSE) -> Native
A79: 2 | B79: 2023 | C79: 45197 | D79: MG, TL | E79: GB | F79: 1 | G79: SU | H79: 14 | I79: 1 | J79: 11 | K79: B | L79: =VLOOKUP(K79, 'Alphabetical by species code'!A:B, 2, FALSE) -> Bareground | M79: =VLOOKUP(L79, 'Alphabetical by species code'!B:C, 2, FALSE) -> Ground Cover
A80: 2 | B80: 2023 | C80: 45197 | D80: MG, TL | E80: GB | F80: 1 | G80: SU | H80: 15 | I80: 1 | J80: 12 | K80: L | L80: =VLOOKUP(K80, 'Alphabetical by species code'!A:B, 2, FALSE) -> Litter | M80: =VLOOKUP(L80, 'Alphabetical by species code'!B:C, 2, FALSE) -> Ground Cover
A81: 2 | B81: 2023 | C81: 45197 | D81: MG, TL | E81: GB | F81: 1 | G81: SU | H81: 1 | I81: 2 | J81: 0 | K81: B | L81: =VLOOKUP(K81, 'Alphabetical by species code'!A:B, 2, FALSE) -> Bareground | M81: =VLOOKUP(L81, 'Alphabetical by species code'!B:C, 2, FALSE) -> Ground Cover
A82: 2 | B82: 2023 | C82: 45197 | D82: MG, TL | E82: GB | F82: 1 | G82: SU | H82: 1 | I82: 2 | J82: 0 | K82: STEDIE | L82: =VLOOKUP(K82, 'Alphabetical by species code'!A:B, 2, FALSE) -> Stephanomeria diegensis | M82: =VLOOKUP(L82, 'Alphabetical by species code'!B:C, 2, FALSE) -> Native
A83: 2 | B83: 2023 | C83: 45197 | D83: MG, TL | E83: GB | F83: 1 | G83: SU | H83: 1 | I83: 2 | J83: 0 | K83: EUPFEN | L83: =VLOOKUP(K83, 'Alphabetical by species code'!A:B, 2, FALSE) -> #N/A | M83: =VLOOKUP(L83, 'Alphabetical by species code'!B:C, 2, FALSE) -> #N/A
A84: 2 | B84: 2023 | C84: 45197 | D84: MG, TL | E84: GB | F84: 1 | G84: SU | H84: 2 | I84: 2 | J84: 1 | K84: R | L84: =VLOOKUP(K84, 'Alphabetical by species code'!A:B, 2, FALSE) -> Rock | M84: =VLOOKUP(L84, 'Alphabetical by species code'!B:C, 2, FALSE) -> Ground Cover
A85: 2 | B85: 2023 | C85: 45197 | D85: MG, TL | E85: GB | F85: 1 | G85: SU | H85: 2 | I85: 2 | J85: 1 | K85: STEDIE | L85: =VLOOKUP(K85, 'Alphabetical by species code'!A:B, 2, FALSE) -> Stephanomeria diegensis | M85: =VLOOKUP(L85, 'Alphabetical by species code'!B:C, 2, FALSE) -> Native
A86: 2 | B86: 2023 | C86: 45197 | D86: MG, TL | E86: GB | F86: 1 | G86: SU | H86: 3 | I86: 2 | J86: 1.5 | K86: L | L86: =VLOOKUP(K86, 'Alphabetical by species code'!A:B, 2, FALSE) -> Litter | M86: =VLOOKUP(L86, 'Alphabetical by species code'!B:C, 2, FALSE) -> Ground Cover
A87: 2 | B87: 2023 | C87: 45197 | D87: MG, TL | E87: GB | F87: 1 | G87: SU | H87: 4 | I87: 2 | J87: 2 | K87: L | L87: =VLOOKUP(K87, 'Alphabetical by species code'!A:B, 2, FALSE) -> Litter | M87: =VLOOKUP(L87, 'Alphabetical by species code'!B:C, 2, FALSE) -> Ground Cover
A88: 2 | B88: 2023 | C88: 45197 | D88: MG, TL | E88: GB | F88: 1 | G88: SU | H88: 4 | I88: 2 | J88: 2 | K88: NNG | L88: =VLOOKUP(K88, 'Alphabetical by species code'!A:B, 2, FALSE) -> Non Native Grass | M88: =VLOOKUP(L88, 'Alphabetical by species code'!B:C, 2, FALSE) -> Non-Native
... A99: 2 | B99: 2023 | C99: 45197 | D99: MG, TL | E99: GB | F99: 1 | G99: SU | H99: 11 | I99: 2 | J99: 8.5 | K99: B | L99: =VLOOKUP(K99, 'Alphabetical by species code'!A:B, 2, FALSE) -> Bareground | M99: =VLOOKUP(L99, 'Alphabetical by species code'!B:C, 2, FALSE) -> Ground Cover
A100: 2 | B100: 2023 | C100: 45197 | D100: MG, TL | E100: GB | F100: 1 | G100: SU | H100: 11 | I100: 2 | J100: 8.5 | K100: EUPMAC | L100: =VLOOKUP(K100, 'Alphabetical by species code'!A:B, 2, FALSE) -> #N/A | M100: =VLOOKUP(L100, 'Alphabetical by species code'!B:C, 2, FALSE) -> #N/A | N100: * unk Euphorb
A101: 2 | B101: 2023 | C101: 45197 | D101: MG, TL | E101: GB | F101: 1 | G101: SU | H101: 12 | I101: 2 | J101: 9 | K101: L | L101: =VLOOKUP(K101, 'Alphabetical by species code'!A:B, 2, FALSE) -> Litter | M101: =VLOOKUP(L101, 'Alphabetical by species code'!B:C, 2, FALSE) -> Ground Cover
A102: 2 | B102: 2023 | C102: 45197 | D102: MG, TL | E102: GB | F102: 1 | G102: SU | H102: 12 | I102: 2 | J102: 9 | K102: CENMEL | L102: =VLOOKUP(K102, 'Alphabetical by species code'!A:B, 2, FALSE) -> Centaurea melitensis | M102: =VLOOKUP(L102, 'Alphabetical by species code'!B:C, 2, FALSE) -> Non-Native
A103: 2 | B103: 2023 | C103: 45197 | D103: MG, TL | E103: GB | F103: 1 | G103: SU | H103: 12 | I103: 2 | J103: 9 | K103: EUPMAC | L103: =VLOOKUP(K103, 'Alphabetical by species code'!A:B, 2, FALSE) -> #N/A | M103: =VLOOKUP(L103, 'Alphabetical by species code'!B:C, 2, FALSE) -> #N/A | N103: * unk Euphorb
A104: 2 | B104: 2023 | C104: 45197 | D104: MG, TL | E104: GB | F104: 1 | G104: SU | H104: 13 | I104: 2 | J104: 10 | K104: B | L104: =VLOOKUP(K104, 'Alphabetical by species code'!A:B, 2, FALSE) -> Bareground | M104: =VLOOKUP(L104, 'Alphabetical by species code'!B:C, 2, FALSE) -> Ground Cover
A105: 2 | B105: 2023 | C105: 45197 | D105: MG, TL | E105: GB | F105: 1 | G105: SU | H105: 14 | I105: 2 | J105: 11 | K105: L | L105: =VLOOKUP(K105, 'Alphabetical by species code'!A:B, 2, FALSE) -> Litter | M105: =VLOOKUP(L105, 'Alphabetical by species code'!B:C, 2, FALSE) -> Ground Cover
A106: 2 | B106: 2023 | C106: 45197 | D106: MG, TL | E106: GB | F106: 1 | G106: SU | H106: 15 | I106: 2 | J106: 12 | K106: L | L106: =VLOOKUP(K106, 'Alphabetical by species code'!A:B, 2, FALSE) -> Litter | M106: =VLOOKUP(L106, 'Alphabetical by species code'!B:C, 2, FALSE) -> Ground Cover
A107: 2 | B107: 2023 | C107: 45197 | D107: MG, TL | E107: GB | F107: 1 | G107: SU | H107: 15 | I107: 2 | J107: 12 | K107: OPULIT | L107: =VLOOKUP(K107, 'Alphabetical by species code'!A:B, 2, FALSE) -> Opuntia littoralis | M107: =VLOOKUP(L107, 'Alphabetical by species code'!B:C, 2, FALSE) -> Native
A108: 3 | B108: 2023 | C108: 45203 | D108: MG, TL | E108: GB | F108: 1 | G108: LS | H108: 1 | I108: 1 | J108: 0 | K108: B | L108: =VLOOKUP(K108, 'Alphabetical by species code'!A:B, 2, FALSE) -> Bareground | M108: =VLOOKUP(L108, 'Alphabetical by species code'!B:C, 2, FALSE) -> Ground Cover
A109: 3 | B109: 2023 | C109: 45203 | D109: MG, TL | E109: GB | F109: 1 | G109: LS | H109: 1 | I109: 1 | J109: 0 | K109: STEDIE | L109: =VLOOKUP(K109, 'Alphabetical by species code'!A:B, 2, FALSE) -> Stephanomeria diegensis | M109: =VLOOKUP(L109, 'Alphabetical by species code'!B:C, 2, FALSE) -> Native
A110: 3 | B110: 2023 | C110: 45203 | D110: MG, TL | E110: GB | F110: 1 | G110: LS | H110: 2 | I110: 1 | J110: 0.5 | K110: L | L110: =VLOOKUP(K110, 'Alphabetical by species code'!A:B, 2, FALSE) -> Litter | M110: =VLOOKUP(L110, 'Alphabetical by species code'!B:C, 2, FALSE) -> Ground Cover
A111: 3 | B111: 2023 | C111: 45203 | D111: MG, TL | E111: GB | F111: 1 | G111: LS | H111: 2 | I111: 1 | J111: 0.5 | K111: STEDIE | L111: =VLOOKUP(K111, 'Alphabetical by species code'!A:B, 2, FALSE) -> Stephanomeria diegensis | M111: =VLOOKUP(L111, 'Alphabetical by species code'!B:C, 2, FALSE) -> Native
A112: 3 | B112: 2023 | C112: 45203 | D112: MG, TL | E112: GB | F112: 1 | G112: LS | H112: 3 | I112: 1 | J112: 1 | K112: L | L112: =VLOOKUP(K112, 'Alphabetical by species code'!A:B, 2, FALSE) -> Litter | M112: =VLOOKUP(L112, 'Alphabetical by species code'!B:C, 2, FALSE) -> Ground Cover
A113: 3 | B113: 2023 | C113: 45203 | D113: MG, TL | E113: GB | F113: 1 | G113: LS | H113: 3 | I113: 1 | J113: 1 | K113: STEDIE | L113: =VLOOKUP(K113, 'Alphabetical by species code'!A:B, 2, FALSE) -> Stephanomeria diegensis | M113: =VLOOKUP(L113, 'Alphabetical by species code'!B:C, 2, FALSE) -> Native
A114: 3 | B114: 2023 | C114: 45203 | D114: MG, TL | E114: GB | F114: 1 | G114: LS | H114: 4 | I114: 1 | J114: 1.5 | K114: L | L114: =VLOOKUP(K114, 'Alphabetical by species code'!A:B, 2, FALSE) -> Litter | M114: =VLOOKUP(L114, 'Alphabetical by species code'!B:C, 2, FALSE) -> Ground Cover
A115: 3 | B115: 2023 | C115: 45203 | D115: MG, TL | E115: GB | F115: 1 | G115: LS | H115: 4 | I115: 1 | J115: 1.5 | K115: STEDIE | L115: =VLOOKUP(K115, 'Alphabetical by species code'!A:B, 2, FALSE) -> Stephanomeria diegensis | M115: =VLOOKUP(L115, 'Alphabetical by species code'!B:C, 2, FALSE) -> Native
... A332: 7 | B332: 2023 | C332: 45203 | D332: JC, HH | E332: GB | F332: 3 | G332: LS | H332: 9 | I332: 1 | J332: 4 | K332: B | L332: =VLOOKUP(K332, 'Alphabetical by species code'!A:B, 2, FALSE) -> Bareground | M332: =VLOOKUP(L332, 'Alphabetical by species code'!B:C, 2, FALSE) -> Ground Cover
A333: 7 | B333: 2023 | C333: 45203 | D333: JC, HH | E333: GB | F333: 3 | G333: LS | H333: 9 | I333: 1 | J333: 4 | K333: CUCURBITA | L333: =VLOOKUP(K333, 'Alphabetical by species code'!A:B, 2, FALSE) -> #N/A | M333: =VLOOKUP(L333, 'Alphabetical by species code'!B:C, 2, FALSE) -> #N/A | N333: don't know what code is for this
A334: 7 | B334: 2023 | C334: 45203 | D334: JC, HH | E334: GB | F334: 3 | G334: LS | H334: 10 | I334: 1 | J334: 4.5 | K334: L | L334: =VLOOKUP(K334, 'Alphabetical by species code'!A:B, 2, FALSE) -> Litter | M334: =VLOOKUP(L334, 'Alphabetical by species code'!B:C, 2, FALSE) -> Ground Cover
A335: 7 | B335: 2023 | C335: 45203 | D335: JC, HH | E335: GB | F335: 3 | G335: LS | H335: 10 | I335: 1 | J335: 4.5 | K335: PSECAL | L335: =VLOOKUP(K335, 'Alphabetical by species code'!A:B, 2, FALSE) -> Pseudognaphalium californicum | M335: =VLOOKUP(L335, 'Alphabetical by species code'!B:C, 2, FALSE) -> Native
A336: 7 | B336: 2023 | C336: 45203 | D336: JC, HH | E336: GB | F336: 3 | G336: LS | H336: 11 | I336: 1 | J336: 5 | K336: B | L336: =VLOOKUP(K336, 'Alphabetical by species code'!A:B, 2, FALSE) -> Bareground | M336: =VLOOKUP(L336, 'Alphabetical by species code'!B:C, 2, FALSE) -> Ground Cover
A337: 7 | B337: 2023 | C337: 45203 | D337: JC, HH | E337: GB | F337: 3 | G337: LS | H337: 12 | I337: 1 | J337: 5.5 | K337: L | L337: =VLOOKUP(K337, 'Alphabetical by species code'!A:B, 2, FALSE) -> Litter | M337: =VLOOKUP(L337, 'Alphabetical by species code'!B:C, 2, FALSE) -> Ground Cover
A338: 7 | B338: 2023 | C338: 45203 | D338: JC, HH | E338: GB | F338: 3 | G338: LS | H338: 12 | I338: 1 | J338: 5.5 | K338: CENMEL | L338: =VLOOKUP(K338, 'Alphabetical by species code'!A:B, 2, FALSE) -> Centaurea melitensis | M338: =VLOOKUP(L338, 'Alphabetical by species code'!B:C, 2, FALSE) -> Non-Native
A339: 7 | B339: 2023 | C339: 45203 | D339: JC, HH | E339: GB | F339: 3 | G339: LS | H339: 13 | I339: 1 | J339: 6.5 | K339: L | L339: =VLOOKUP(K339, 'Alphabetical by species code'!A:B, 2, FALSE) -> Litter | M339: =VLOOKUP(L339, 'Alphabetical by species code'!B:C, 2, FALSE) -> Ground Cover
A340: 7 | B340: 2023 | C340: 45203 | D340: JC, HH | E340: GB | F340: 3 | G340: LS | H340: 13 | I340: 1 | J340: 6.5 | K340: NNG | L340: =VLOOKUP(K340, 'Alphabetical by species code'!A:B, 2, FALSE) -> Non Native Grass | M340: =VLOOKUP(L340, 'Alphabetical by species code'!B:C, 2, FALSE) -> Non-Native
A341: 7 | B341: 2023 | C341: 45203 | D341: JC, HH | E341: GB | F341: 3 | G341: LS | H341: 13 | I341: 1 | J341: 6.5 | K341: DEIFAS | L341: =VLOOKUP(K341, 'Alphabetical by species code'!A:B, 2, FALSE) -> Deinandra fasciculata | M341: =VLOOKUP(L341, 'Alphabetical by species code'!B:C, 2, FALSE) -> Native
A342: 7 | B342: 2023 | C342: 45203 | D342: JC, HH | E342: GB | F342: 3 | G342: LS | H342: 14 | I342: 1 | J342: 7 | K342: B | L342: =VLOOKUP(K342, 'Alphabetical by species code'!A:B, 2, FALSE) -> Bareground | M342: =VLOOKUP(L342, 'Alphabetical by species code'!B:C, 2, FALSE) -> Ground Cover
A343: 7 | B343: 2023 | C343: 45203 | D343: JC, HH | E343: GB | F343: 3 | G343: LS | H343: 14 | I343: 1 | J343: 7 | K343: CENMEL | L343: =VLOOKUP(K343, 'Alphabetical by species code'!A:B, 2, FALSE) -> Centaurea melitensis | M343: =VLOOKUP(L343, 'Alphabetical by species code'!B:C, 2, FALSE) -> Non-Native
A344: 7 | B344: 2023 | C344: 45203 | D344: JC, HH | E344: GB | F344: 3 | G344: LS | H344: 15 | I344: 1 | J344: 7.5 | K344: L | L344: =VLOOKUP(K344, 'Alphabetical by species code'!A:B, 2, FALSE) -> Litter | M344: =VLOOKUP(L344, 'Alphabetical by species code'!B:C, 2, FALSE) -> Ground Cover
A345: 7 | B345: 2023 | C345: 45203 | D345: JC, HH | E345: GB | F345: 3 | G345: LS | H345: 15 | I345: 1 | J345: 7.5 | K345: CENMEL | L345: =VLOOKUP(K345, 'Alphabetical by species code'!A:B, 2, FALSE) -> Centaurea melitensis | M345: =VLOOKUP(L345, 'Alphabetical by species code'!B:C, 2, FALSE) -> Non-Native
... A457: 9 | B457: 2023 | C457: 45197 | D457: MP, TL, MG | E457: CU | F457: 1 | G457: SS | H457: 15 | I457: 1 | J457: 12 | K457: OPULIT | L457: =VLOOKUP(K457, 'Alphabetical by species code'!A:B, 2, FALSE) -> Opuntia littoralis | M457: =VLOOKUP(L457, 'Alphabetical by species code'!B:C, 2, FALSE) -> Native
A458: 9 | B458: 2023 | C458: 45197 | D458: MP, TL, MG | E458: CU | F458: 1 | G458: SS | H458: 15 | I458: 1 | J458: 12 | K458: CONARV | L458: =VLOOKUP(K458, 'Alphabetical by species code'!A:B, 2, FALSE) -> Convolvulus arvensis | M458: =VLOOKUP(L458, 'Alphabetical by species code'!B:C, 2, FALSE) -> Non-Native | N458: could not read
A459: 9 | B459: 2023 | C459: 45197 | D459: MP, TL, MG | E459: CU | F459: 1 | G459: SS | H459: 1 | I459: 2 | J459: 0 | K459: L | L459: =VLOOKUP(K459, 'Alphabetical by species code'!A:B, 2, FALSE) -> Litter | M459: =VLOOKUP(L459, 'Alphabetical by species code'!B:C, 2, FALSE) -> Ground Cover
A460: 9 | B460: 2023 | C460: 45197 | D460: MP, TL, MG | E460: CU | F460: 1 | G460: SS | H460: 1 | I460: 2 | J460: 0 | K460: OPULIT | L460: =VLOOKUP(K460, 'Alphabetical by species code'!A:B, 2, FALSE) -> Opuntia littoralis | M460: =VLOOKUP(L460, 'Alphabetical by species code'!B:C, 2, FALSE) -> Native
A461: 9 | B461: 2023 | C461: 45197 | D461: MP, TL, MG | E461: CU | F461: 1 | G461: SS | H461: 2 | I461: 2 | J461: 1 | K461: L | L461: =VLOOKUP(K461, 'Alphabetical by species code'!A:B, 2, FALSE) -> Litter | M461: =VLOOKUP(L461, 'Alphabetical by species code'!B:C, 2, FALSE) -> Ground Cover
A462: 9 | B462: 2023 | C462: 45197 | D462: MP, TL, MG | E462: CU | F462: 1 | G462: SS | H462: 3 | I462: 2 | J462: 1.5 | K462: R | L462: =VLOOKUP(K462, 'Alphabetical by species code'!A:B, 2, FALSE) -> Rock | M462: =VLOOKUP(L462, 'Alphabetical by species code'!B:C, 2, FALSE) -> Ground Cover
A463: 9 | B463: 2023 | C463: 45197 | D463: MP, TL, MG | E463: CU | F463: 1 | G463: SS | H463: 4 | I463: 2 | J463: 2 | K463: B | L463: =VLOOKUP(K463, 'Alphabetical by species code'!A:B, 2, FALSE) -> Bareground | M463: =VLOOKUP(L463, 'Alphabetical by species code'!B:C, 2, FALSE) -> Ground Cover
A464: 9 | B464: 2023 | C464: 45197 | D464: MP, TL, MG | E464: CU | F464: 1 | G464: SS | H464: 5 | I464: 2 | J464: 3 | K464: L | L464: =VLOOKUP(K464, 'Alphabetical by species code'!A:B, 2, FALSE) -> Litter | M464: =VLOOKUP(L464, 'Alphabetical by species code'!B:C, 2, FALSE) -> Ground Cover
A465: 9 | B465: 2023 | C465: 45197 | D465: MP, TL, MG | E465: CU | F465: 1 | G465: SS | H465: 6 | I465: 2 | J465: 3.5 | K465: B | L465: =VLOOKUP(K465, 'Alphabetical by species code'!A:B, 2, FALSE) -> Bareground | M465: =VLOOKUP(L465, 'Alphabetical by species code'!B:C, 2, FALSE) -> Ground Cover
A466: 9 | B466: 2023 | C466: 45197 | D466: MP, TL, MG | E466: CU | F466: 1 | G466: SS | H466: 7 | I466: 2 | J466: 4 | K466: L | L466: =VLOOKUP(K466, 'Alphabetical by species code'!A:B, 2, FALSE) -> Litter | M466: =VLOOKUP(L466, 'Alphabetical by species code'!B:C, 2, FALSE) -> Ground Cover
A467: 9 | B467: 2023 | C467: 45197 | D467: MP, TL, MG | E467: CU | F467: 1 | G467: SS | H467: 8 | I467: 2 | J467: 5 | K467: B | L467: =VLOOKUP(K467, 'Alphabetical by species code'!A:B, 2, FALSE) -> Bareground | M467: =VLOOKUP(L467, 'Alphabetical by species code'!B:C, 2, FALSE) -> Ground Cover
A468: 9 | B468: 2023 | C468: 45197 | D468: MP, TL, MG | E468: CU | F468: 1 | G468: SS | H468: 9 | I468: 2 | J468: 7 | K468: L | L468: =VLOOKUP(K468, 'Alphabetical by species code'!A:B, 2, FALSE) -> Litter | M468: =VLOOKUP(L468, 'Alphabetical by species code'!B:C, 2, FALSE) -> Ground Cover
A469: 9 | B469: 2023 | C469: 45197 | D469: MP, TL, MG | E469: CU | F469: 1 | G469: SS | H469: 10 | I469: 2 | J469: 8 | K469: L | L469: =VLOOKUP(K469, 'Alphabetical by species code'!A:B, 2, FALSE) -> Litter | M469: =VLOOKUP(L469, 'Alphabetical by species code'!B:C, 2, FALSE) -> Ground Cover
A470: 9 | B470: 2023 | C470: 45197 | D470: MP, TL, MG | E470: CU | F470: 1 | G470: SS | H470: 11 | I470: 2 | J470: 8.5 | K470: B | L470: =VLOOKUP(K470, 'Alphabetical by species code'!A:B, 2, FALSE) -> Bareground | M470: =VLOOKUP(L470, 'Alphabetical by species code'!B:C, 2, FALSE) -> Ground Cover
... A498: 10 | B498: 2023 | C498: 45197 | D498: MP, TL, MG | E498: CU | F498: 1 | G498: SU | H498: 3 | I498: 2 | J498: 1.5 | K498: B | L498: =VLOOKUP(K498, 'Alphabetical by species code'!A:B, 2, FALSE) -> Bareground | M498: =VLOOKUP(L498, 'Alphabetical by species code'!B:C, 2, FALSE) -> Ground Cover
A499: 10 | B499: 2023 | C499: 45197 | D499: MP, TL, MG | E499: CU | F499: 1 | G499: SU | H499: 3 | I499: 2 | J499: 1.5 | K499: EROCIC | L499: =VLOOKUP(K499, 'Alphabetical by species code'!A:B, 2, FALSE) -> Erodium cicutarium | M499: =VLOOKUP(L499, 'Alphabetical by species code'!B:C, 2, FALSE) -> Non-Native | N499: could not read
A500: 10 | B500: 2023 | C500: 45197 | D500: MP, TL, MG | E500: CU | F500: 1 | G500: SU | H500: 4 | I500: 2 | J500: 2 | K500: B | L500: =VLOOKUP(K500, 'Alphabetical by species code'!A:B, 2, FALSE) -> Bareground | M500: =VLOOKUP(L500, 'Alphabetical by species code'!B:C, 2, FALSE) -> Ground Cover
A501: 10 | B501: 2023 | C501: 45197 | D501: MP, TL, MG | E501: CU | F501: 1 | G501: SU | H501: 5 | I501: 2 | J501: 3 | K501: L | L501: =VLOOKUP(K501, 'Alphabetical by species code'!A:B, 2, FALSE) -> Litter | M501: =VLOOKUP(L501, 'Alphabetical by species code'!B:C, 2, FALSE) -> Ground Cover
A502: 10 | B502: 2023 | C502: 45197 | D502: MP, TL, MG | E502: CU | F502: 1 | G502: SU | H502: 6 | I502: 2 | J502: 3.5 | K502: B | L502: =VLOOKUP(K502, 'Alphabetical by species code'!A:B, 2, FALSE) -> Bareground | M502: =VLOOKUP(L502, 'Alphabetical by species code'!B:C, 2, FALSE) -> Ground Cover
A503: 10 | B503: 2023 | C503: 45197 | D503: MP, TL, MG | E503: CU | F503: 1 | G503: SU | H503: 7 | I503: 2 | J503: 4 | K503: B | L503: =VLOOKUP(K503, 'Alphabetical by species code'!A:B, 2, FALSE) -> Bareground | M503: =VLOOKUP(L503, 'Alphabetical by species code'!B:C, 2, FALSE) -> Ground Cover
A504: 10 | B504: 2023 | C504: 45197 | D504: MP, TL, MG | E504: CU | F504: 1 | G504: SU | H504: 8 | I504: 2 | J504: 5 | K504: L | L504: =VLOOKUP(K504, 'Alphabetical by species code'!A:B, 2, FALSE) -> Litter | M504: =VLOOKUP(L504, 'Alphabetical by species code'!B:C, 2, FALSE) -> Ground Cover
A505: 10 | B505: 2023 | C505: 45197 | D505: MP, TL, MG | E505: CU | F505: 1 | G505: SU | H505: 9 | I505: 2 | J505: 7 | K505: L | L505: =VLOOKUP(K505, 'Alphabetical by species code'!A:B, 2, FALSE) -> Litter | M505: =VLOOKUP(L505, 'Alphabetical by species code'!B:C, 2, FALSE) -> Ground Cover
...

Sheet Entry2
A1: Page # | B1: Year | C1: Date | D1: Team | E1: Site | F1: Block # | G1: Treatment | H1: Point | I1: Transect | J1: Distance | K1: Code | L1: Species | M1: Notes
A2: (#) | B2: 2023 | C2: mm/dd/yy | D2: initials | E2: CU/VB/GB | F2: 43469 | G2: LS/LU/SS/SU | H2: 1-30 | I2: 1 or 2 | J2: 0-12m | K2: six-letter code | L2: full name | M2: enter as written
A3: 1 | B3: 2023 | C3: 45197 | D3: MG, TL | E3: GB | F3: 1 | G3: SS | H3: 1 | I3: 1 | J3: 0 | K3: L
A4: 1 | B4: 2023 | C4: 45197 | D4: MG, TL | E4: GB | F4: 1 | G4: SS | H4: 1 | I4: 1 | J4: 0 | K4: STEDIE
A5: 1 | B5: 2023 | C5: 45197 | D5: MG, TL | E5: GB | F5: 1 | G5: SS | H5: 2 | I5: 1 | J5: 1 | K5: L
A6: 1 | B6: 2023 | C6: 45197 | D6: MG, TL | E6: GB | F6: 1 | G6: SS | H6: 2 | I6: 1 | J6: 1 | K6: OPULIT
A7: 1 | B7: 2023 | C7: 45197 | D7: MG, TL | E7: GB | F7: 1 | G7: SS | H7: 2 | I7: 1 | J7: 1 | K7: NNG | M7: NNG - non-native grass
A8: 1 | B8: 2023 | C8: 45197 | D8: MG, TL | E8: GB | F8: 1 | G8: SS | H8: 3 | I8: 1 | J8: 1.5 | K8: R
A9: 1 | B9: 2023 | C9: 45197 | D9: MG, TL | E9: GB | F9: 1 | G9: SS | H9: 3 | I9: 1 | J9: 1.5 | K9: STEDIE
A10: 1 | B10: 2023 | C10: 45197 | D10: MG, TL | E10: GB | F10: 1 | G10: SS | H10: 4 | I10: 1 | J10: 2 | K10: L
A11: 1 | B11: 2023 | C11: 45197 | D11: MG, TL | E11: GB | F11: 1 | G11: SS | H11: 4 | I11: 1 | J11: 2 | K11: STEDIE
A12: 1 | B12: 2023 | C12: 45197 | D12: MG, TL | E12: GB | F12: 1 | G12: SS | H12: 5 | I12: 1 | J12: 3 | K12: R
A13: 1 | B13: 2023 | C13: 45197 | D13: MG, TL | E13: GB | F13: 1 | G13: SS | H13: 6 | I13: 1 | J13: 3.5 | K13: R
A14: 1 | B14: 2023 | C14: 45197 | D14: MG, TL | E14: GB | F14: 1 | G14: SS | H14: 6 | I14: 1 | J14: 3.5 | K14: NNG
A15: 1 | B15: 2023 | C15: 45197 | D15: MG, TL | E15: GB | F15: 1 | G15: SS | H15: 6 | I15: 1 | J15: 3.5 | K15: STEDIE
A16: 1 | B16: 2023 | C16: 45197 | D16: MG, TL | E16: GB | F16: 1 | G16: SS | H16: 7 | I16: 1 | J16: 4 | K16: L
A17: 1 | B17: 2023 | C17: 45197 | D17: MG, TL | E17: GB | F17: 1 | G17: SS | H17: 8 | I17: 1 | J17: 5 | K17: L
A18: 1 | B18: 2023 | C18: 45197 | D18: MG, TL | E18: GB | F18: 1 | G18: SS | H18: 9 | I18: 1 | J18: 7 | K18: L
A19: 1 | B19: 2023 | C19: 45197 | D19: MG, TL | E19: GB | F19: 1 | G19: SS | H19: 9 | I19: 1 | J19: 7 | K19: STEDIE
... A61: 2 | B61: 2023 | C61: 45197 | D61: MG, TL | E61: GB | F61: 1 | G61: SU | H61: 4 | I61: 1 | J61: 2 | K61: STEDIE
A62: 2 | B62: 2023 | C62: 45197 | D62: MG, TL | E62: GB | F62: 1 | G62: SU | H62: 4 | I62: 1 | J62: 2 | K62: EUPFEN | M62: TL took photo
A63: 2 | B63: 2023 | C63: 45197 | D63: MG, TL | E63: GB | F63: 1 | G63: SU | H63: 5 | I63: 1 | J63: 3 | K63: L
A64: 2 | B64: 2023 | C64: 45197 | D64: MG, TL | E64: GB | F64: 1 | G64: SU | H64: 5 | I64: 1 | J64: 3 | K64: STEDIE
A65: 2 | B65: 2023 | C65: 45197 | D65: MG, TL | E65: GB | F65: 1 | G65: SU | H65: 6 | I65: 1 | J65: 3.5 | K65: L
A66: 2 | B66: 2023 | C66: 45197 | D66: MG, TL | E66: GB | F66: 1 | G66: SU | H66: 6 | I66: 1 | J66: 3.5 | K66: EUPFEN
A67: 2 | B67: 2023 | C67: 45197 | D67: MG, TL | E67: GB | F67: 1 | G67: SU | H67: 7 | I67: 1 | J67: 4 | K67: B
A68: 2 | B68: 2023 | C68: 45197 | D68: MG, TL | E68: GB | F68: 1 | G68: SU | H68: 8 | I68: 1 | J68: 5 | K68: L
A69: 2 | B69: 2023 | C69: 45197 | D69: MG, TL | E69: GB | F69: 1 | G69: SU | H69: 8 | I69: 1 | J69: 5 | K69: NNG | M69: non native grass
A70: 2 | B70: 2023 | C70: 45197 | D70: MG, TL | E70: GB | F70: 1 | G70: SU | H70: 9 | I70: 1 | J70: 7 | K70: L
A71: 2 | B71: 2023 | C71: 45197 | D71: MG, TL | E71: GB | F71: 1 | G71: SU | H71: 9 | I71: 1 | J71: 7 | K71: STEDIE
A72: 2 | B72: 2023 | C72: 45197 | D72: MG, TL | E72: GB | F72: 1 | G72: SU | H72: 10 | I72: 1 | J72: 8 | K72: L
A73: 2 | B73: 2023 | C73: 45197 | D73: MG, TL | E73: GB | F73: 1 | G73: SU | H73: 11 | I73: 1 | J73: 8.5 | K73: L
A74: 2 | B74: 2023 | C74: 45197 | D74: MG, TL | E74: GB | F74: 1 | G74: SU | H74: 11 | I74: 1 | J74: 8.5 | K74: STEDIE
A75: 2 | B75: 2023 | C75: 45197 | D75: MG, TL | E75: GB | F75: 1 | G75: SU | H75: 12 | I75: 1 | J75: 9 | K75: L
A76: 2 | B76: 2023 | C76: 45197 | D76: MG, TL | E76: GB | F76: 1 | G76: SU | H76: 12 | I76: 1 | J76: 9 | K76: EUPMAC | M76: euphorbia masculata?
A77: 2 | B77: 2023 | C77: 45197 | D77: MG, TL | E77: GB | F77: 1 | G77: SU | H77: 13 | I77: 1 | J77: 10 | K77: B
A78: 2 | B78: 2023 | C78: 45197 | D78: MG, TL | E78: GB | F78: 1 | G78: SU | H78: 13 | I78: 1 | J78: 10 | K78: MALLAU
A79: 2 | B79: 2023 | C79: 45197 | D79: MG, TL | E79: GB | F79: 1 | G79: SU | H79: 14 | I79: 1 | J79: 11 | K79: B
A80: 2 | B80: 2023 | C80: 45197 | D80: MG, TL | E80: GB | F80: 1 | G80: SU | H80: 15 | I80: 1 | J80: 12 | K80: L
A81: 2 | B81: 2023 | C81: 45197 | D81: MG, TL | E81: GB | F81: 1 | G81: SU | H81: 1 | I81: 2 | J81: 0 | K81: B
A82: 2 | B82: 2023 | C82: 45197 | D82: MG, TL | E82: GB | F82: 1 | G82: SU | H82: 1 | I82: 2 | J82: 0 | K82: STEDIE
A83: 2 | B83: 2023 | C83: 45197 | D83: MG, TL | E83: GB | F83: 1 | G83: SU | H83: 1 | I83: 2 | J83: 0 | K83: EUPFEN
A84: 2 | B84: 2023 | C84: 45197 | D84: MG, TL | E84: GB | F84: 1 | G84: SU | H84: 2 | I84: 2 | J84: 1 | K84: R
A85: 2 | B85: 2023 | C85: 45197 | D85: MG, TL | E85: GB | F85: 1 | G85: SU | H85: 2 | I85: 2 | J85: 1 | K85: STEDIE
A86: 2 | B86: 2023 | C86: 45197 | D86: MG, TL | E86: GB | F86: 1 | G86: SU | H86: 3 | I86: 2 | J86: 1.5 | K86: L
A87: 2 | B87: 2023 | C87: 45197 | D87: MG, TL | E87: GB | F87: 1 | G87: SU | H87: 4 | I87: 2 | J87: 2 | K87: L
A88: 2 | B88: 2023 | C88: 45197 | D88: MG, TL | E88: GB | F88: 1 | G88: SU | H88: 4 | I88: 2 | J88: 2 | K88: NNG
... A102: 2 | B102: 2023 | C102: 45197 | D102: MG, TL | E102: GB | F102: 1 | G102: SU | H102: 12 | I102: 2 | J102: 9 | K102: CENMEL
A103: 2 | B103: 2023 | C103: 45197 | D103: MG, TL | E103: GB | F103: 1 | G103: SU | H103: 12 | I103: 2 | J103: 9 | K103: EUPMAC | M103: unk euphono
A104: 2 | B104: 2023 | C104: 45197 | D104: MG, TL | E104: GB | F104: 1 | G104: SU | H104: 13 | I104: 2 | J104: 10 | K104: B
A105: 2 | B105: 2023 | C105: 45197 | D105: MG, TL | E105: GB | F105: 1 | G105: SU | H105: 14 | I105: 2 | J105: 11 | K105: L
A106: 2 | B106: 2023 | C106: 45197 | D106: MG, TL | E106: GB | F106: 1 | G106: SU | H106: 15 | I106: 2 | J106: 12 | K106: L
A107: 2 | B107: 2023 | C107: 45197 | D107: MG, TL | E107: GB | F107: 1 | G107: SU | H107: 15 | I107: 2 | J107: 12 | K107: OPULIT
A108: 3 | B108: 2023 | C108: 45203 | D108: MG, TL | E108: GB | F108: 1 | G108: LS | H108: 1 | I108: 1 | J108: 0 | K108: B
A109: 3 | B109: 2023 | C109: 45203 | D109: MG, TL | E109: GB | F109: 1 | G109: LS | H109: 1 | I109: 1 | J109: 0 | K109: STEDIE
A110: 3 | B110: 2023 | C110: 45203 | D110: MG, TL | E110: GB | F110: 1 | G110: LS | H110: 2 | I110: 1 | J110: 0.5 | K110: L
A111: 3 | B111: 2023 | C111: 45203 | D111: MG, TL | E111: GB | F111: 1 | G111: LS | H111: 2 | I111: 1 | J111: 0.5 | K111: STEDIE
A112: 3 | B112: 2023 | C112: 45203 | D112: MG, TL | E112: GB | F112: 1 | G112: LS | H112: 3 | I112: 1 | J112: 1 | K112: L
A113: 3 | B113: 2023 | C113: 45203 | D113: MG, TL | E113: GB | F113: 1 | G113: LS | H113: 3 | I113: 1 | J113: 1 | K113: STEDIE
A114: 3 | B114: 2023 | C114: 45203 | D114: MG, TL | E114: GB | F114: 1 | G114: LS | H114: 4 | I114: 1 | J114: 1.5 | K114: L
A115: 3 | B115: 2023 | C115: 45203 | D115: MG, TL | E115: GB | F115: 1 | G115: LS | H115: 4 | I115: 1 | J115: 1.5 | K115: STEDIE
... A985: 20 | B985: 2023 | C985: 45197 | D985: MP, TL | E985: VB | F985: 1 | G985: LU | H985: 15 | I985: 2 | J985: 7.5 | K985: L

Sheet Data Validation
A1: Page # | B1: Year | C1: Date | D1: Team | E1: Site | F1: Block # | G1: Treatment | H1: Point | I1: Transect | J1: Distance | K1: Code | L1: Species | M1: Notes
A2: (#) | B2: 2023 | C2: mm/dd/yy | D2: initials | E2: CU/VB/GB | F2: 43469 | G2: LS/LU/SS/SU | H2: 1-30 | I2: 1 or 2 | J2: 0-12m | K2: six-letter code | L2: full name | M2: enter as written
A3: =IF(Data!A3=Entry2!A3,Data!A3,"ERROR") -> 1 | B3: =IF(Data!B3=Entry2!B3,Data!B3,"ERROR") -> 2023 | C3: =IF(Data!C3=Entry2!C3,Data!C3,"ERROR") -> 45197 | D3: =IF(Data!D3=Entry2!D3,Data!D3,"ERROR") -> MG, TL | E3: =IF(Data!E3=Entry2!E3,Data!E3,"ERROR") -> GB | F3: =IF(Data!F3=Entry2!F3,Data!F3,"ERROR") -> 1 | G3: =IF(Data!G3=Entry2!G3,Data!G3,"ERROR") -> SS | H3: =IF(Data!H3=Entry2!H3,Data!H3,"ERROR") -> 1 | ... L3: =IF(Data!L3=Entry2!L3,Data!L3,"ERROR") -> ERROR | M3: =IF(Data!N3=Entry2!M3,Data!N3,"ERROR") -> 0
A4: =IF(Data!A4=Entry2!A4,Data!A4,"ERROR") -> 1 | B4: =IF(Data!B4=Entry2!B4,Data!B4,"ERROR") -> 2023 | C4: =IF(Data!C4=Entry2!C4,Data!C4,"ERROR") -> 45197 | D4: =IF(Data!D4=Entry2!D4,Data!D4,"ERROR") -> MG, TL | E4: =IF(Data!E4=Entry2!E4,Data!E4,"ERROR") -> GB | F4: =IF(Data!F4=Entry2!F4,Data!F4,"ERROR") -> 1 | G4: =IF(Data!G4=Entry2!G4,Data!G4,"ERROR") -> SS | H4: =IF(Data!H4=Entry2!H4,Data!H4,"ERROR") -> 1 | ... L4: =IF(Data!L4=Entry2!L4,Data!L4,"ERROR") -> ERROR | M4: =IF(Data!N4=Entry2!M4,Data!N4,"ERROR") -> 0
A5: =IF(Data!A5=Entry2!A5,Data!A5,"ERROR") -> 1 | B5: =IF(Data!B5=Entry2!B5,Data!B5,"ERROR") -> 2023 | C5: =IF(Data!C5=Entry2!C5,Data!C5,"ERROR") -> 45197 | D5: =IF(Data!D5=Entry2!D5,Data!D5,"ERROR") -> MG, TL | E5: =IF(Data!E5=Entry2!E5,Data!E5,"ERROR") -> GB | F5: =IF(Data!F5=Entry2!F5,Data!F5,"ERROR") -> 1 | G5: =IF(Data!G5=Entry2!G5,Data!G5,"ERROR") -> SS | H5: =IF(Data!H5=Entry2!H5,Data!H5,"ERROR") -> 2 | ... L5: =IF(Data!L5=Entry2!L5,Data!L5,"ERROR") -> ERROR | M5: =IF(Data!N5=Entry2!M5,Data!N5,"ERROR") -> 0
A6: =IF(Data!A6=Entry2!A6,Data!A6,"ERROR") -> 1 | B6: =IF(Data!B6=Entry2!B6,Data!B6,"ERROR") -> 2023 | C6: =IF(Data!C6=Entry2!C6,Data!C6,"ERROR") -> 45197 | D6: =IF(Data!D6=Entry2!D6,Data!D6,"ERROR") -> MG, TL | E6: =IF(Data!E6=Entry2!E6,Data!E6,"ERROR") -> GB | F6: =IF(Data!F6=Entry2!F6,Data!F6,"ERROR") -> 1 | G6: =IF(Data!G6=Entry2!G6,Data!G6,"ERROR") -> SS | H6: =IF(Data!H6=Entry2!H6,Data!H6,"ERROR") -> 2 | ... L6: =IF(Data!L6=Entry2!L6,Data!L6,"ERROR") -> ERROR | M6: =IF(Data!N6=Entry2!M6,Data!N6,"ERROR") -> 0
A7: =IF(Data!A7=Entry2!A7,Data!A7,"ERROR") -> 1 | B7: =IF(Data!B7=Entry2!B7,Data!B7,"ERROR") -> 2023 | C7: =IF(Data!C7=Entry2!C7,Data!C7,"ERROR") -> 45197 | D7: =IF(Data!D7=Entry2!D7,Data!D7,"ERROR") -> MG, TL | E7: =IF(Data!E7=Entry2!E7,Data!E7,"ERROR") -> GB | F7: =IF(Data!F7=Entry2!F7,Data!F7,"ERROR") -> 1 | G7: =IF(Data!G7=Entry2!G7,Data!G7,"ERROR") -> SS | H7: =IF(Data!H7=Entry2!H7,Data!H7,"ERROR") -> 2 | ... L7: =IF(Data!L7=Entry2!L7,Data!L7,"ERROR") -> ERROR | M7: =IF(Data!N7=Entry2!M7,Data!N7,"ERROR") -> NNG - non-native grass
A8: =IF(Data!A8=Entry2!A8,Data!A8,"ERROR") -> 1 | B8: =IF(Data!B8=Entry2!B8,Data!B8,"ERROR") -> 2023 | C8: =IF(Data!C8=Entry2!C8,Data!C8,"ERROR") -> 45197 | D8: =IF(Data!D8=Entry2!D8,Data!D8,"ERROR") -> MG, TL | E8: =IF(Data!E8=Entry2!E8,Data!E8,"ERROR") -> GB | F8: =IF(Data!F8=Entry2!F8,Data!F8,"ERROR") -> 1 | G8: =IF(Data!G8=Entry2!G8,Data!G8,"ERROR") -> SS | H8: =IF(Data!H8=Entry2!H8,Data!H8,"ERROR") -> 3 | ... L8: =IF(Data!L8=Entry2!L8,Data!L8,"ERROR") -> ERROR | M8: =IF(Data!N8=Entry2!M8,Data!N8,"ERROR") -> 0
A9: =IF(Data!A9=Entry2!A9,Data!A9,"ERROR") -> 1 | B9: =IF(Data!B9=Entry2!B9,Data!B9,"ERROR") -> 2023 | C9: =IF(Data!C9=Entry2!C9,Data!C9,"ERROR") -> 45197 | D9: =IF(Data!D9=Entry2!D9,Data!D9,"ERROR") -> MG, TL | E9: =IF(Data!E9=Entry2!E9,Data!E9,"ERROR") -> GB | F9: =IF(Data!F9=Entry2!F9,Data!F9,"ERROR") -> 1 | G9: =IF(Data!G9=Entry2!G9,Data!G9,"ERROR") -> SS | H9: =IF(Data!H9=Entry2!H9,Data!H9,"ERROR") -> 3 | ... L9: =IF(Data!L9=Entry2!L9,Data!L9,"ERROR") -> ERROR | M9: =IF(Data!N9=Entry2!M9,Data!N9,"ERROR") -> 0
A10: =IF(Data!A10=Entry2!A10,Data!A10,"ERROR") -> 1 | B10: =IF(Data!B10=Entry2!B10,Data!B10,"ERROR") -> 2023 | C10: =IF(Data!C10=Entry2!C10,Data!C10,"ERROR") -> 45197 | D10: =IF(Data!D10=Entry2!D10,Data!D10,"ERROR") -> MG, TL | E10: =IF(Data!E10=Entry2!E10,Data!E10,"ERROR") -> GB | F10: =IF(Data!F10=Entry2!F10,Data!F10,"ERROR") -> 1 | G10: =IF(Data!G10=Entry2!G10,Data!G10,"ERROR") -> SS | H10: =IF(Data!H10=Entry2!H10,Data!H10,"ERROR") -> 4 | ... L10: =IF(Data!L10=Entry2!L10,Data!L10,"ERROR") -> ERROR | M10: =IF(Data!N10=Entry2!M10,Data!N10,"ERROR") -> 0
A11: =IF(Data!A11=Entry2!A11,Data!A11,"ERROR") -> 1 | B11: =IF(Data!B11=Entry2!B11,Data!B11,"ERROR") -> 2023 | C11: =IF(Data!C11=Entry2!C11,Data!C11,"ERROR") -> 45197 | D11: =IF(Data!D11=Entry2!D11,Data!D11,"ERROR") -> MG, TL | E11: =IF(Data!E11=Entry2!E11,Data!E11,"ERROR") -> GB | F11: =IF(Data!F11=Entry2!F11,Data!F11,"ERROR") -> 1 | G11: =IF(Data!G11=Entry2!G11,Data!G11,"ERROR") -> SS | H11: =IF(Data!H11=Entry2!H11,Data!H11,"ERROR") -> 4 | ... L11: =IF(Data!L11=Entry2!L11,Data!L11,"ERROR") -> ERROR | M11: =IF(Data!N11=Entry2!M11,Data!N11,"ERROR") -> 0
A12: =IF(Data!A12=Entry2!A12,Data!A12,"ERROR") -> 1 | B12: =IF(Data!B12=Entry2!B12,Data!B12,"ERROR") -> 2023 | C12: =IF(Data!C12=Entry2!C12,Data!C12,"ERROR") -> 45197 | D12: =IF(Data!D12=Entry2!D12,Data!D12,"ERROR") -> MG, TL | E12: =IF(Data!E12=Entry2!E12,Data!E12,"ERROR") -> GB | F12: =IF(Data!F12=Entry2!F12,Data!F12,"ERROR") -> 1 | G12: =IF(Data!G12=Entry2!G12,Data!G12,"ERROR") -> SS | H12: =IF(Data!H12=Entry2!H12,Data!H12,"ERROR") -> 5 | ... L12: =IF(Data!L12=Entry2!L12,Data!L12,"ERROR") -> ERROR | M12: =IF(Data!N12=Entry2!M12,Data!N12,"ERROR") -> 0
A13: =IF(Data!A13=Entry2!A13,Data!A13,"ERROR") -> 1 | B13: =IF(Data!B13=Entry2!B13,Data!B13,"ERROR") -> 2023 | C13: =IF(Data!C13=Entry2!C13,Data!C13,"ERROR") -> 45197 | D13: =IF(Data!D13=Entry2!D13,Data!D13,"ERROR") -> MG, TL | E13: =IF(Data!E13=Entry2!E13,Data!E13,"ERROR") -> GB | F13: =IF(Data!F13=Entry2!F13,Data!F13,"ERROR") -> 1 | G13: =IF(Data!G13=Entry2!G13,Data!G13,"ERROR") -> SS | H13: =IF(Data!H13=Entry2!H13,Data!H13,"ERROR") -> 6 | ... L13: =IF(Data!L13=Entry2!L13,Data!L13,"ERROR") -> ERROR | M13: =IF(Data!N13=Entry2!M13,Data!N13,"ERROR") -> 0
A14: =IF(Data!A14=Entry2!A14,Data!A14,"ERROR") -> 1 | B14: =IF(Data!B14=Entry2!B14,Data!B14,"ERROR") -> 2023 | C14: =IF(Data!C14=Entry2!C14,Data!C14,"ERROR") -> 45197 | D14: =IF(Data!D14=Entry2!D14,Data!D14,"ERROR") -> MG, TL | E14: =IF(Data!E14=Entry2!E14,Data!E14,"ERROR") -> GB | F14: =IF(Data!F14=Entry2!F14,Data!F14,"ERROR") -> 1 | G14: =IF(Data!G14=Entry2!G14,Data!G14,"ERROR") -> SS | H14: =IF(Data!H14=Entry2!H14,Data!H14,"ERROR") -> 6 | ... L14: =IF(Data!L14=Entry2!L14,Data!L14,"ERROR") -> ERROR | M14: =IF(Data!N14=Entry2!M14,Data!N14,"ERROR") -> 0
... A978: =IF(Data!A978=Entry2!A978,Data!A978,"ERROR") -> 20 | B978: =IF(Data!B978=Entry2!B978,Data!B978,"ERROR") -> 2023 | C978: =IF(Data!C978=Entry2!C978,Data!C978,"ERROR") -> 45197 | D978: =IF(Data!D978=Entry2!D978,Data!D978,"ERROR") -> MP, TL | E978: =IF(Data!E978=Entry2!E978,Data!E978,"ERROR") -> VB | F978: =IF(Data!F978=Entry2!F978,Data!F978,"ERROR") -> 1 | G978: =IF(Data!G978=Entry2!G978,Data!G978,"ERROR") -> LU | H978: =IF(Data!H978=Entry2!H978,Data!H978,"ERROR") -> 8 | ... L978: =IF(Data!L978=Entry2!L978,Data!L978,"ERROR") -> ERROR | M978: =IF(Data!N978=Entry2!M978,Data!N978,"ERROR") -> 0
A979: =IF(Data!A1038=Entry2!A986,Data!A1038,"ERROR") -> 0 | B979: =IF(Data!B1038=Entry2!B986,Data!B1038,"ERROR") -> 0 | C979: =IF(Data!C1038=Entry2!C986,Data!C1038,"ERROR") -> 0 | D979: =IF(Data!D1038=Entry2!D986,Data!D1038,"ERROR") -> 0 | E979: =IF(Data!E1038=Entry2!E986,Data!E1038,"ERROR") -> 0 | F979: =IF(Data!F1038=Entry2!F986,Data!F1038,"ERROR") -> 0 | G979: =IF(Data!G1038=Entry2!G986,Data!G1038,"ERROR") -> 0 | H979: =IF(Data!H1038=Entry2!H986,Data!H1038,"ERROR") -> 0 | ... K979: =IF(Data!K1038=Entry2!K986,Data!K1038,"ERROR") -> 0 | L979: =IF(Data!L1038=Entry2!L985,Data!L1038,"ERROR") -> 0 | M979: =IF(Data!N1038=Entry2!M985,Data!N1038,"ERROR") -> 0

Sheet Example Data
A1: Page # | B1: Year | C1: Date | D1: Team | E1: Site | F1: Block # | G1: Treatment | H1: Point | I1: Transect | J1: Distance | K1: Code | L1: Species | M1: Notes
A2: (#) | B2: 2023 | C2: mm/dd/yy | D2: initials | E2: CU/VB/GB | F2: 43469 | G2: LS/LU/SS/SU | H2: 1-30 | I2: 1 or 2 | J2: 0-12m | K2: six-letter code | L2: full name | M2: enter as written
A3: 1 | B3: 2023 | C3: 45197 | D3: MG, TL | E3: GB | F3: 1 | G3: SS | H3: 1 | I3: 1 | J3: 0 | K3: L
A4: 1 | B4: 2023 | C4: 45197 | D4: MG, TL | E4: GB | F4: 1 | G4: SS | H4: 1 | I4: 1 | J4: 0 | K4: STEDIE
A5: 1 | B5: 2023 | C5: 45197 | D5: MG, TL | E5: GB | F5: 1 | G5: SS | H5: 2 | I5: 1 | J5: 1 | K5: L
A6: 1 | B6: 2023 | C6: 45197 | D6: MG, TL | E6: GB | F6: 1 | G6: SS | H6: 2 | I6: 1 | J6: 1 | K6: OPULIT
A7: 1 | B7: 2023 | C7: 45197 | D7: MG, TL | E7: GB | F7: 1 | G7: SS | H7: 2 | I7: 1 | J7: 1 | K7: NNG | M7: NNG - non-native grass
A8: 1 | B8: 2023 | C8: 45197 | D8: MG, TL | E8: GB | F8: 1 | G8: SS | H8: 3 | I8: 1 | J8: 1.5 | K8: R
A9: 1 | B9: 2023 | C9: 45197 | D9: MG, TL | E9: GB | F9: 1 | G9: SS | H9: 3 | I9: 1 | J9: 1.5 | K9: STEDIE
A10: 1 | B10: 2023 | C10: 45197 | D10: MG, TL | E10: GB | F10: 1 | G10: SS | H10: 4 | I10: 1 | J10: 2 | K10: L
A11: 1 | B11: 2023 | C11: 45197 | D11: MG, TL | E11: GB | F11: 1 | G11: SS | H11: 4 | I11: 1 | J11: 2 | K11: STEDIE
A12: 1 | B12: 2023 | C12: 45197 | D12: MG, TL | E12: GB | F12: 1 | G12: SS | H12: 5 | I12: 1 | J12: 3 | K12: R
A13: 1 | B13: 2023 | C13: 45197 | D13: MG, TL | E13: GB | F13: 1 | G13: SS | H13: 6 | I13: 1 | J13: 3.5 | K13: R
A14: 1 | B14: 2023 | C14: 45197 | D14: MG, TL | E14: GB | F14: 1 | G14: SS | H14: 6 | I14: 1 | J14: 3.5 | K14: NNG
A15: 1 | B15: 2023 | C15: 45197 | D15: MG, TL | E15: GB | F15: 1 | G15: SS | H15: 6 | I15: 1 | J15: 3.5 | K15: STEDIE
A16: 1 | B16: 2023 | C16: 45197 | D16: MG, TL | E16: GB | F16: 1 | G16: SS | H16: 7 | I16: 1 | J16: 4 | K16: L
A17: 1 | B17: 2023 | C17: 45197 | D17: MG, TL | E17: GB | F17: 1 | G17: SS | H17: 8 | I17: 1 | J17: 5 | K17: L
A18: 1 | B18: 2023 | C18: 45197 | D18: MG, TL | E18: GB | F18: 1 | G18: SS | H18: 9 | I18: 1 | J18: 7 | K18: L
A19: 1 | B19: 2023 | C19: 45197 | D19: MG, TL | E19: GB | F19: 1 | G19: SS | H19: 9 | I19: 1 | J19: 7 | K19: STEDIE
... A52: 1 | B52: 2023 | C52: 45197 | D52: MG, TL | E52: GB | F52: 1 | G52: SS | H52: 15 | I52: 2 | J52: 12 | K52: L

Sheet Species List
A1: AMAALB
A2: B | B2: Bare ground
A3: C | B3: Cryptobiotic crust
A4: CALMAC | B4: Calystegia macrostegia
A5: CYLPRO | B5: Cylindropuntia prolifera
A6: ERIFAS | B6: Eriogonum fasciculatum
A7: F | B7: Fine woody debris
A8: L | B8: Litter
A9: LAECOU | B9: Laennecia coulteri
A10: M | B10: Moss
A11: OPULIT | B11: Opuntia littoralis
A12: PSECAL | B12: Pseudognaphalium californicum
A13: R | B13: Rock
... A17: W | B17: Coarse woody debris

Sheet Alphabetical by species code
A1: Species Code (A-Z) | B1: Full Scientific Name (Genus species) | C1: Native/Non-Native | D1: Common Name | E1: other scientific names | F1: Plant Family
A2: . | B2: . | C2: . | D2: . | E2: . | F2: .
A3: ACHMIL | B3: Achillea millefolium | C3: Native | D3: Yarrow | E3: . | F3: Asteraceae
A4: ACMAME | B4: Acmispon americanus | C4: Native | D4: American bird's foot trefoil | E4: Lotus purshianus | F4: Fabaceae
A5: ACMGLA | B5: Acmispon glaber | C5: Native | D5: Deerweed, California Broom | E5: Lotus scoparius | F5: Fabaceae
A6: ACMMAR | B6: Acmispon maritimus | C6: Native | D6: Coastal Lotus | E6: Lotus salsuginosus | F6: Fabaceae
A7: ACMMIC | B7: Acmicspon micranthus | C7: Native | D7: Small flowered lotus, grab lotus | E7: Lotus hamatus | F7: Fabaceae
A8: ACMPRO | B8: Acmispon prostratus | C8: Native | D8: prostrate lotus | F8: Fabaceae
A9: ACMSPP | B9: Acmispon species | C9: Native | D9: bird's foot trefoil | E9: . | F9: Fabaceae
A10: ACMSTR | B10: Acmispon strigosus | C10: Native | D10: Strigose lotus | E10: Lotus strigosus | F10: Fabaceae
A11: ACMWRA | B11: Acmispon wrangelianus | C11: Native | F11: Fabaceae
A12: ACOMIC | B12: Acourtia microcephala | C12: Native | D12: Sacapellote | E12: . | F12: Asteraceae
A13: ADEFAS | B13: Adenostoma fasciculatum | C13: Native | D13: Chamise | E13: . | F13: Rosaceae
A14: AGOGRA | B14: Agoseris grandiflora | C14: Native | D14: Large-flowered Mountain Dandelion | F14: Asteraceae
A15: AGOSPP | B15: Agoseris species | C15: Native | F15: Asteraceae
A16: AGRPAL | B16: Agrostis pallens | C16: Native | D16: bent grass | E16: . | F16: Poaceae
A17: ALLAMP | B17: Allium amplectens | C17: Native | D17: onion | F17: Alliaceae
A18: ALLGLU | B18: Allophyllum glutinosum | C18: Native | D18: sticky false gilia | F18: Polemoniaceae
A19: ALLPEN | B19: Allium peninsulare | C19: Native | D19: onion | F19: Alliaceae
A20: ALLPRA | B20: Allium praecox | C20: Native | D20: onion | F20: Alliaceae
A21: ALLSPP | B21: Allium species | C21: Native | D21: onion | F21: Alliaceae
A22: AMAALB | B22: Amaranthus albus | C22: Non-Native | D22: pigweed | E22: . | F22: Amaranthaceae
A23: AMBACA | B23: Ambrosia acanthicarpa | C23: Native | D23: ragweed | E23: . | F23: Asteraceae
A24: AMBCON | B24: Ambrosia confertiflora | C24: Native | D24: weak leaf burweed/ragweed | F24: Asteraceae
A25: AMBPSI | B25: Ambrosia psilostachya | C25: Native | D25: ragweed | E25: . | F25: Asteraceae
A26: AMOCAL | B26: Amorpha californica | C26: Native | D26: false indigo | E26: . | F26: Fabaceae
A27: AMOFRU | B27: Amorpha fruticosa | C27: Native | D27: western false indigo | E27: . | F27: Fabaceae
A28: AMSINT | B28: Amsinckia intermedia | C28: Native | D28: common fiddleneck | E28: . | F28: Boraginaceae
A29: AMSMEN | B29: Amsinckia menziesii | C29: Native | D29: fiddleneck | E29: . | F29: Boraginaceae
A30: AMSRET | B30: Amsinckia retrorsa | C30: Native | D30: Gray Fiddleneck | F30: Boraginaceae
A31: ANAARV | B31: Anagallis arvensis | C31: Non-Native | D31: scarlet pimpernel | E31: . | F31: Primulaceae
A32: ANECAL | B32: Anemopsis californica | C32: Native | D32: Yerba mansa | E32: . | F32: Saururaceae
A33: ANTCAU | B33: Anthriscus caucalis | C33: Non-Native | D33: Bur chervil | E33: . | F33: Apiaceae
A34: ANTCOU | B34: Antirrhinum coulterianum | C34: Native | D34: Coulter's snapdragon | E34: . | F34: Plantaginaceae
A35: ANTKEL | B35: Antirrhinum kelloggii | C35: Native | D35: climbing snapdragon | E35: . | F35: Plantaginaceae
A36: ANTNUT | B36: Antirrhinum nuttallianum | C36: Native | D36: Nuttall's snapdragon | E36: . | F36: Plantaginaceae
A37: APIANG | B37: Apiastrum angustifolium | C37: Native | D37: wild celery | E37: . | F37: Apiaceae
A38: APIGRA | B38: Apium graveolens | C38: Non-Native | D38: celery | E38: . | F38: Apiaceae
A39: APOCAN | B39: Apocynum cannabinum | C39: Native | D39: Indian hemp | E39: . | F39: Apocynaceae
A40: ARASER | B40: Araujia sericifera | C40: Non-Native | D40: bladder flower | E40: . | F40: Apocynaceae
A41: ARIDIV | B41: Aristida divaricata | C41: Native | D41: three-awn grass | F41: Poaceae
A42: ARIPUR | B42: Aristida purpurea | C42: Native | D42: three-awn grass | F42: Poaceae
A43: ARISPP | B43: Aristida species | C43: Native | D43: three-awn grass | F43: Poaceae
A44: ARTCAL | B44: Artemisia californica | C44: Native | D44: California Sage brush | E44: . | F44: Asteraceae
A45: ARTCAL resprout | B45: Artemisia californica resprout | C45: Native | D45: California Sage brush | E45: . | F45: Asteraceae
A46: ARTCAL seedling | B46: Artemisia californica seedling | C46: Native | D46: California Sage brush | E46: . | F46: Asteraceae
A47: ARTDOU | B47: Artemisia douglasiana | C47: Native | D47: Mugwort | E47: . | F47: Asteraceae
A48: ARTDRA | B48: Artemisia dracunculus | C48: Native | D48: wild tarragon | E48: . | F48: Asteraceae
A49: ARTPAL | B49: Artemisia palmeri | C49: Native | F49: Asteraceae
A50: ARUDON | B50: Arundo donax | C50: Non-Native | D50: giant reed | E50: . | F50: Poaceae
A51: ASCERI | B51: Asclepias eriocarpa | C51: Native | D51: wooly fruited milkweed | E51: . | F51: Apocynaceae
A52: ASCFAS | B52: Asclepias fascicularis | C52: Native | D52: narrow- leaf milkweed | E52: . | F52: Apocynaceae
A53: ASTGAM | B53: Astragalus gambelianus | C53: Native | D53: locoweed | E53: . | F53: Fabaceae
A54: ASTTRI | B54: Astragalus trichopodus | C54: Native | D54: santa barbara milk vetch | E54: . | F54: Fabaceae
A55: ATHPUS | B55: Athysanus pusillus | C55: Native | D55: dwarf athysanus, sandweed | E55: . | F55: Brassicaceae
A56: ATRCAN | B56: Atriplex canescens | C56: Native | D56: four-wing saltbush | E56: . | F56: Chenopodiaceae
A57: ATRLEN | B57: Atriplex lentiformis | C57: Native | D57: big saltbush | E57: . | F57: Chenopodiaceae
A58: ATRSEM | B58: Atriplex semibaccata | C58: Non-Native | D58: australian saltbush | E58: . | F58: Chenopodiaceae
A59: AVEBAR | B59: Avena barbata | C59: Non-Native | D59: wild oat | E59: . | F59: Poaceae
A60: AVEFAT | B60: Avena fatua | C60: Non-Native | D60: wild oat | E60: . | F60: Poaceae
A61: AVESPP | B61: Avena species | C61: Non-Native | D61: wild oat | E61: Avena fatua, Avena Barbata | F61: Poaceae
... A66: BACSAR | B66: Baccharis sarothroides | C66: Native | D66: broom baccharis | E66: . | F66: Asteraceae
A67: BAHLAC | B67: Bahiopsis laciniata | C67: Native | F67: Asteraceae
A68: BEBJUN | B68: Bebbia juncea | C68: Native | D68: sweetbush | E68: . | F68: Asteraceae
A69: BLOCRO | B69: Bloomeria crocea | C69: Native | D69: Golden stars | E69: . | F69: Themidaceae
A70: BOESPA | B70: Boechera sparsiflora | C70: Native | F70: Brassicaceae
A71: BOWINC | B71: Bowlesia incana | C71: Native | D71: Bowelesia | F71: Apiaceae
A72: BRADIS | B72: Brachypodium distachyon | C72: Non-Native | D72: false brome | E72: . | F72: Poaceae
A73: BRAGEN | B73: Hirschfeldia incana | C73: Non-Native | D73: Summer mustard, short pod mustard | E73: BRAGEN | F73: Brassicaceae
A74: BRANIG | B74: Brassica nigra | C74: Non-Native | D74: Black Mustard | E74: . | F74: Brassicaceae
A75: BRARAP | B75: Brassica rapa | C75: Non-Native | F75: Brassicaceae
A76: BRATOU | B76: Brassica tournefortii | C76: Non-Native | D76: Sahara mustard | E76: . | F76: Brassicaceae
A77: BRICAL | B77: Brickellia californica | C77: Native | D77: bricklebush | E77: . | F77: Asteraceae
A78: BROCAR | B78: Bromus carinatus | C78: Native | D78: California brome | E78: . | F78: Poaceae
A79: BROCAT | B79: Bromus catharticus | C79: Non-Native | D79: rescue grass | E79: . | F79: Poaceae
A80: BRODIA | B80: Bromus diandrus | C80: Non-Native | D80: ripgut brome | E80: . | F80: Poaceae
A81: BROHOR | B81: Bromus hordeaceus | C81: Non-Native | D81: soft chess brome | E81: . | F81: Poaceae
A82: BROMAD | B82: Bromus madritensis | C82: Non-Native | D82: red brome, foxtail brome | E82: Bromus Rubens (BRORUB) | F82: Poaceae
A83: BROTEC | B83: Bromus Tectorum | C83: Non-Native | D83: downy brome, drooping brome | F83: Poaceae
A84: BROSPP | B84: Bromus species | C84: Non-Native
A85: C | B85: Crypto-biotic Crust | C85: Ground Cover | D85: . | E85: . | F85: .
A86: CALBRE | B86: Calandrinia breweri | C86: Native | D86: Brewer's Red Maids | F86: Montiaceae
A87: CALCAT | B87: Calochortus catalinae | C87: Native | D87: Mariposa lily | E87: . | F87: Liliaceae
A88: CALCIL | B88: Calandrinia ciliata | C88: Native | D88: Red maids | E88: . | F88: Montiaceae
A89: CALMAC | B89: Calystegia macrostegia | C89: Native | D89: morning glory | E89: . | F89: Convovulaceae
A90: CALSOL | B90: Calystegia soldanella | C90: Native | D90: beach morning glory | F90: Convovulaceae
A91: CALSPL | B91: Calochortus splendens | C91: Native | D91: Mariposa lily | E91: . | F91: Liliaceae
A92: CALSPP | B92: Calochortus species | C92: Native
A93: CALWEE | B93: Calochortus weedii var. weedii | C93: Native
A94: CALWEEI | B94: Calochortus weedii var. intermedius | C94: Native | D94: Mariposa lily | E94: . | F94: Liliaceae
A95: CALWEEW | B95: Calochortus weedii var. weedii | C95: Native | D95: Mariposa lily | E95: . | F95: Liliaceae
A96: CAMBIS | B96: Camissoniopsis bistorta | C96: Native | D96: suncup, primrose | E96: . | F96: Onagraceae
A97: CAMBIS? | B97: Camissoniopsis bistorta | C97: Native | D97: suncup, primrose | E97: . | F97: Onagraceae
A98: CAMCON | B98: Camissonia confusa | C98: Native | F98: Onagraceae
A99: CAMHIR | B99: Camissonia hirtella | C99: Native | D99: hairy suncup | F99: Onagraceae
A100: CAMMIC | B100: Camissoniopsis micrantha | C100: Native | D100: suncup, primrose | E100: . | F100: Onagraceae
A101: CAMSPP | B101: Camissoniopsis species | C101: Native | D101: suncup, primrose | E101: . | F101: Onagraceae
A102: CAPBUR | B102: Capsella bursa-pastoris | C102: Non-Native | D102: shepherd's purse | E102: . | F102: Brassicaceae
A103: CARCAL | B103: Cardamine californica | C103: Native | D103: bittercress, milkmaids | E103: . | F103: Brassicaceae
A104: CAREDU | B104: Carpobrotus edulis | C104: Non-Native | D104: Common Iceplant | E104: chilensis-pink flowers, edulis-yellow flowers | F104: Aizoaceae
...
